{"cameraMode":{"drawMode":0,"name":"Shaded","section":"Shading Mode"},"sceneLighting":false,"audioPlay":false,"sceneViewState":{"m_AlwaysRefresh":false,"showFog":false,"showSkybox":false,"showFlares":false,"showImageEffects":false,"showParticleSystems":false,"showVisualEffectGraphs":true,"m_FxEnabled":true},"in2DMode":false,"pivot":{"x":-0.20537269115447999,"y":-0.09856259822845459,"z":0.1037590503692627},"rotation":{"x":-0.037379756569862369,"y":-0.9537662267684937,"z":0.1311771273612976,"w":-0.2682229280471802},"size":1.9463183879852296,"orthographic":false}